行选手对列选手的胜率（同局名次高者胜，平局算半）,GPT-6 Astra,GPT-6.1 Sol,Fable 5.1,Sonnet 5.5,Opus 5.5,DeepSeek V4.1 Flash,基准,Qwen 3.8 Max,MiMo V2.6 Pro,Kimi K3,GLM 5.3,豆包 Seed 2.1 Turbo
GPT-6 Astra,,0.467,0.538,0.554,0.531,0.638,0.787,0.804,0.825,0.826,0.825,0.935
GPT-6.1 Sol,0.533,,0.565,0.581,0.553,0.667,0.814,0.834,0.851,0.847,0.856,0.953
Fable 5.1,0.462,0.435,,0.520,0.501,0.620,0.777,0.796,0.813,0.806,0.819,0.938
Sonnet 5.5,0.446,0.419,0.480,,0.488,0.599,0.762,0.783,0.798,0.794,0.805,0.928
Opus 5.5,0.469,0.447,0.499,0.512,,0.611,0.770,0.798,0.816,0.805,0.817,0.935
DeepSeek V4.1 Flash,0.362,0.333,0.380,0.401,0.389,,0.689,0.703,0.730,0.723,0.738,0.898
基准,0.213,0.186,0.223,0.238,0.230,0.311,,0.531,0.556,0.533,0.558,0.769
Qwen 3.8 Max,0.196,0.166,0.204,0.217,0.202,0.297,0.469,,0.523,0.503,0.523,0.744
MiMo V2.6 Pro,0.175,0.149,0.187,0.202,0.184,0.270,0.444,0.477,,0.473,0.497,0.711
Kimi K3,0.174,0.153,0.194,0.206,0.195,0.277,0.467,0.497,0.527,,0.509,0.724
GLM 5.3,0.175,0.144,0.181,0.195,0.183,0.262,0.442,0.477,0.503,0.491,,0.748
豆包 Seed 2.1 Turbo,0.065,0.047,0.062,0.072,0.065,0.102,0.231,0.256,0.289,0.276,0.252,
