选手,人数档,局数,场均交旗,平均名次,第一率,场均拾旗,交旗/拾旗,场均击杀,场均死亡,场均击杀载旗者,最慢回合毫秒,故障局
GPT-6 Astra,2人,220,31.65,1.03,0.968,34.85,0.908,41.74,21.15,7.13,19.4,0
GPT-6 Astra,3–5人,1455,13.39,1.72,0.544,18.47,0.725,33.11,17.89,9.83,28.1,0
GPT-6 Astra,6–10人,7687,8.79,3.06,0.280,17.03,0.516,36.35,19.95,10.81,28.5,0
GPT-6 Astra,11–15人,16775,7.18,4.30,0.189,16.23,0.443,38.12,20.96,11.08,48.6,6
GPT-6.1 Sol,2人,220,30.84,1.06,0.941,32.85,0.939,40.79,23.81,5.56,0.7,0
GPT-6.1 Sol,3–5人,1460,13.25,1.96,0.436,18.44,0.718,39.71,24.32,6.26,4.3,0
GPT-6.1 Sol,6–10人,7687,9.29,2.92,0.291,15.87,0.585,41.57,24.88,9.16,17.1,0
GPT-6.1 Sol,11–15人,16765,7.75,3.94,0.226,15.77,0.491,43.09,25.87,10.88,49.9,12
Fable 5.1,2人,220,26.91,1.34,0.659,28.02,0.960,39.27,26.37,4.08,1.1,0
Fable 5.1,3–5人,1460,13.12,1.89,0.445,16.17,0.811,37.45,22.72,7.32,2.5,0
Fable 5.1,6–10人,7706,8.79,3.11,0.250,14.10,0.624,32.19,19.04,11.98,7.3,0
Fable 5.1,11–15人,16814,6.89,4.59,0.154,14.37,0.480,33.74,20.40,14.58,48.9,1
Sonnet 5.5,2人,220,29.61,1.21,0.786,38.44,0.770,41.48,34.05,5.82,0.5,0
Sonnet 5.5,3–5人,1460,12.69,2.05,0.401,19.86,0.639,43.11,29.31,7.34,1.2,0
Sonnet 5.5,6–10人,7695,8.54,3.30,0.236,17.48,0.489,46.59,31.08,11.38,6.4,0
Sonnet 5.5,11–15人,16780,6.75,4.75,0.162,16.76,0.403,46.88,31.31,13.32,38.8,0
Opus 5.5,2人,220,28.95,1.33,0.668,36.14,0.801,36.32,31.14,5.05,0.6,0
Opus 5.5,3–5人,1455,12.73,2.07,0.358,18.35,0.694,22.66,15.04,6.05,1.8,0
Opus 5.5,6–10人,7724,8.58,3.27,0.233,16.86,0.509,28.71,19.29,10.91,6.5,0
Opus 5.5,11–15人,16814,7.02,4.52,0.172,17.19,0.409,32.05,21.59,13.47,41.0,1
DeepSeek V4.1 Flash,2人,220,28.90,1.43,0.573,32.84,0.880,31.38,37.28,6.05,0.9,0
DeepSeek V4.1 Flash,3–5人,1460,12.52,2.16,0.352,17.81,0.703,26.71,33.77,5.37,2.7,0
DeepSeek V4.1 Flash,6–10人,7711,7.27,4.07,0.137,15.52,0.469,27.17,33.10,7.72,9.8,0
DeepSeek V4.1 Flash,11–15人,16819,5.70,5.65,0.087,15.64,0.365,27.04,32.94,8.89,45.4,1
基准,2人,220,24.64,1.71,0.286,32.63,0.755,24.40,36.23,6.72,0.4,0
基准,3–5人,1455,10.77,2.64,0.208,16.59,0.649,22.49,30.79,6.58,1.0,0
基准,6–10人,7705,5.63,5.17,0.064,12.83,0.439,24.11,31.32,9.48,5.2,0
基准,11–15人,16750,3.75,7.79,0.025,11.07,0.338,24.80,30.79,11.12,43.1,1
Qwen 3.8 Max,2人,220,22.70,1.76,0.236,30.16,0.753,21.46,36.71,4.09,0.7,0
Qwen 3.8 Max,3–5人,1460,10.01,2.76,0.179,18.30,0.547,19.61,31.65,4.96,2.5,0
Qwen 3.8 Max,6–10人,7731,5.36,5.37,0.063,16.66,0.322,22.27,34.24,6.27,8.0,0
Qwen 3.8 Max,11–15人,16765,3.51,8.13,0.024,15.77,0.222,20.00,33.26,5.76,40.1,1
MiMo V2.6 Pro,2人,220,23.05,1.57,0.432,31.62,0.729,26.48,32.22,6.32,0.5,0
MiMo V2.6 Pro,3–5人,1455,10.48,2.73,0.171,19.52,0.537,22.97,31.89,4.12,2.4,0
MiMo V2.6 Pro,6–10人,7703,5.12,5.50,0.042,16.81,0.305,23.81,33.67,3.58,7.7,0
MiMo V2.6 Pro,11–15人,16778,3.21,8.45,0.015,15.89,0.202,23.16,33.74,3.83,48.1,3
Kimi K3,2人,220,22.66,1.60,0.400,30.60,0.741,27.71,35.94,6.32,0.9,0
Kimi K3,3–5人,1455,8.97,2.91,0.151,14.06,0.638,21.92,28.75,6.20,3.4,0
Kimi K3,6–10人,7724,4.54,5.71,0.040,9.77,0.465,22.15,26.84,9.46,8.6,1
Kimi K3,11–15人,16793,3.37,8.10,0.024,8.09,0.417,22.00,26.66,10.33,36.9,2
GLM 5.3,2人,220,20.46,1.88,0.123,25.92,0.789,19.86,29.60,5.27,0.9,0
GLM 5.3,3–5人,1460,8.57,3.25,0.064,15.64,0.548,10.86,21.58,1.74,1.4,0
GLM 5.3,6–10人,7724,4.54,5.89,0.020,15.27,0.297,12.01,26.32,2.10,6.7,0
GLM 5.3,11–15人,16794,3.42,8.17,0.016,16.04,0.213,12.20,26.95,2.66,48.6,2
豆包 Seed 2.1 Turbo,2人,220,8.10,1.98,0.018,11.00,0.736,4.71,11.09,0.55,0.4,0
豆包 Seed 2.1 Turbo,3–5人,1455,4.49,4.06,0.003,9.06,0.495,7.25,20.20,1.50,1.9,0
豆包 Seed 2.1 Turbo,6–10人,7713,2.37,7.49,0.002,8.54,0.277,7.88,24.89,2.17,7.9,1
豆包 Seed 2.1 Turbo,11–15人,16763,1.78,10.35,0.001,8.92,0.200,7.55,26.21,2.33,44.7,1
